{
  "dbConfig": {
    "host": "mongodb+srv://admin:PTD7onIb9qBNoxuK@cluster0.ebrkf.mongodb.net/test?retryWrites=true&w=majority",
    "user": "admin",
    "password": "PTD7onIb9qBNoxuK"
  },
  "allowedOrigins": "http://localhost:3000,http://localhost:9000,http://mycontext-frontend.herokuapp.com,https://mycontext-backend.herokuapp.com",
  "secret": "My(0ntext",
  "blockchainUrl": "http://13.75.233.240:3000/",
  "email": "mycontextdeakin@gmail.com",
  "password": "D0cum3ntum!",
  "url": "http://mycontext-frontend.herokuapp.com",
  "stripeSecretKey": "sk_test_rtiaKEwe0c4UEwkEgGpM7DjL00bh6EWbEK"
}
